Years of sample collection,Elephant ID,Sex,Estimated age (years),Shoulder height (cm),Tusk length (cm),Tusk circumference (cm),Column1
1966-68,58,f,2.5,149,30,10.5,87.73416238
1966-68,78,f,2.5,151,27,10.5,78.96074614
1966-68,86,f,2.5,127,27,10.5,78.96074614
1966-68,293,f,2.5,156,32,11,102.7079899
1966-68,29,f,3,146,28.5,9.5,68.22773467
1966-68,43,f,3,149,30.5,10,80.90376274
1966-68,221,f,3.5,166,43,11,138.0138615
1966-68,222,f,3.5,178,44,14,228.7587049
1966-68,241,f,3.5,177,45,12,171.8873385
1966-68,255,f,3.5,171,46,13,206.2117546
1966-68,153,f,3.75,175,47,13,210.6946188
1966-68,84,f,4,158,39.5,12,150.8788861
1966-68,87,f,4,157,42,13,188.2802977
1966-68,205,f,4,178,49,13,219.6603473
1966-68,238,f,4,176,45,12,171.8873385
1966-68,256,f,5,177,50,13,224.1432115
1966-68,296,f,5,178,43,12,164.2479013
1966-68,33,f,6,184,48.5,11,155.6667973
1966-68,240,f,6,191,57,13,255.5232611
1966-68,298,f,6,190,66,15,393.9084842
1966-68,224,f,7.5,194,59,14,306.744627
1966-68,290,f,7.5,183,65,14,337.9389958
1966-68,38,f,8,199,60,14.5,334.6232679
1966-68,157,f,8,193,65,14,337.9389958
1966-68,155,f,8.5,201,67,15,399.8767945
1966-68,59,f,10,231,79.5,17,609.4440658
1966-68,66,f,10,203,82,16.5,592.1757545
1966-68,80,f,10,205,76.5,15,456.575743
1966-68,220,f,10,195,79,16,536.4582615
1966-68,253,f,10,224,83,19,794.79326
1966-68,278,f,10,218,88,17,674.6047521
1966-68,32,f,11,212,71,14,369.1333647
1966-68,48,f,11,221,80,17.5,649.8826843
1966-68,179,f,11,205,67,14,348.3371188
1966-68,297,f,11,190,83,17,636.2749367
1966-68,67,f,12,214,56,16,380.2742107
1966-68,7,f,13,213,91,17,697.6026414
1966-68,15,f,13,214,81.5,17.5,662.0679846
1966-68,164,f,13,218,82,17,628.6089736
1966-68,237,f,13,222,83,17,636.2749367
1966-68,194,f,13.5,219,70,14,363.9343032
1966-68,23,f,14,218,84,17.5,682.3768185
1966-68,148,f,14,233,94,19,900.1273065
1966-68,204,f,14,204,87,18,747.7099226
1966-68,219,f,14,220,73,16,495.7145961
1966-68,199,f,14.5,230,75,19,718.1866807
1966-68,37,f,15,217,100,19,957.5822409
1966-68,70,f,15,210,79,16,536.4582615
1966-68,72,f,15,211,92.5,16.5,668.0031377
1966-68,74,f,15,226,91.5,20,970.8451529
1966-68,275,f,15,233,111,18,953.9747289
1966-68,8,f,16,216,102,20.5,1137.042702
1966-68,168,f,16,241,98,18,842.2479588
1966-68,243,f,16.5,237,91,19,871.3998393
1966-68,150,f,17,235,116,23,1627.730655
1966-68,167,f,17,237,105,19,1005.461353
1966-68,213,f,17,222,84,18,721.9268219
1966-68,226,f,17,243,106,21,1239.976162
1966-68,260,f,17.5,226,99,21,1158.090943
1966-68,17,f,18,194,112,21,1310.163492
1966-68,62,f,18,229,80.5,17,617.1100289
1966-68,81,f,18,229,86.5,17,663.1058075
1966-68,258,f,18,217,96,18,825.059225
1966-68,28,f,20,220,91.5,18.5,830.6793839
1966-68,202,f,20,233,104,21,1216.580385
1966-68,39,f,21,223,99,18.5,898.767858
1966-68,203,f,21,229,108,18,928.1916281
1966-68,259,f,21,247,109,21,1275.069827
1966-68,30,f,22,225,99,19,948.0064185
1966-68,40,f,22,246,115,21.5,1410.079639
1966-68,64,f,22,201,116,22,1489.265854
1966-68,267,f,22,235,117,20,1241.408556
1966-68,88,f,23,221,93,19.5,938.0393402
1966-68,215,f,23,249,107,20,1135.305261
1966-68,20,f,24,246,93.5,17.5,759.5503873
1966-68,149,f,24,241,124,22,1591.973844
1966-68,232,f,24,240,113,21,1321.86138
1966-68,294,f,24,245,114,22,1463.588857
1966-68,22,f,25,239,111,20,1177.746579
1966-68,71,f,25,237,112,22,1437.911859
1966-68,201,f,25,260,105,19,1005.461353
1966-68,227,f,25,245,118,23,1655.794976
1966-68,242,f,25,243,115,22,1476.427355
1966-68,55,f,26,249,119,21,1392.04871
1966-68,83,f,26,230,108,19.4,1078.191979
1966-68,166,f,26,247,107,22,1373.719365
1966-68,211,f,26,239,143,25,2370.745506
1966-68,225,f,26,245,124,25,2055.751348
1966-68,19,f,27,244,135.5,24.5,2157.448041
1966-68,144,f,27,242,136,23,1908.373871
1966-68,233,f,27,244,116,24,1772.349446
1966-68,31,f,28,244,109.5,21.7,1367.736599
1966-68,188,f,28,248,105,21,1228.278273
1966-68,1,f,30,243,139.5,22.5,1873.303416
1966-68,76,f,30,236,105,23,1473.376886
1966-68,209,f,31,232,102,24,1558.445203
1966-68,257,f,31,235,116,25,1923.122229
1966-68,14,f,32,251,140,25,2321.009587
1966-68,161,f,32,248,155,27,2997.285466
1966-68,178,f,32,261,143,23,2006.598997
1966-68,192,f,32,251,129,22,1656.166338
1966-68,216,f,34.5,239,101,20,1071.643283
1966-68,177,f,37,234,127,23,1782.084424
1966-68,270,f,37,264,152,25,2519.953266
1966-68,140,f,39,254,167,29,3725.472382
1966-68,4,f,40,242,106,23.5,1552.781939
1966-68,89,f,41,243,125,24.5,1990.265721
1966-68,42,f,43,247,116.5,27,2252.798431
1966-68,195,f,48,263,129,29,2877.760104
1966-68,299,f,48,251,125,24,1909.859317
1966-68,35,m,2,147,22.5,10,59.68310366
1966-68,235,m,2,150,25,11,80.24061714
1966-68,139,m,2.25,160,28,13,125.5201985
1966-68,208,m,2.5,148,33,13,147.9345196
1966-68,173,m,2.75,156,32,13,143.4516554
1966-68,196,m,2.75,159,35,13,156.9002481
1966-68,6,m,3,180,56,19,536.2460549
1966-68,26,m,3,164,45,15,268.5739665
1966-68,75,m,3,169,43,15,256.6373457
1966-68,189,m,3,165,39,13,174.831705
1966-68,277,m,3,156,42,14,218.3605819
1966-68,193,m,3.25,166,42,14,218.3605819
1966-68,5,m,3.5,164,49,16,332.7399344
1966-68,9,m,3.5,169,48.5,15,289.4630527
1966-68,52,m,3.5,169,51.5,15.5,328.2007028
1966-68,60,m,3.5,169,43,14,223.5596434
1966-68,163,m,3.5,173,61,18,524.2563825
1966-68,197,m,3.5,188,53,17,406.2960439
1966-68,279,m,3.5,161,47,15,280.5105872
1966-68,53,m,4,177,47.5,14.5,264.910087
1966-68,63,m,4,172,50.5,16,342.9258507
1966-68,285,m,4,175,54,16,366.6929889
1966-68,207,m,5,172,57,16,387.0648216
1966-68,228,m,5,176,51,16,346.3211562
1966-68,262,m,5,195,62,18,532.8507495
1966-68,271,m,5.5,184,63,17,482.9556748
1966-68,21,m,6,172,59,15,352.1303116
1966-68,41,m,6,176,54.5,15,325.2729149
1966-68,44,m,6,192,66.5,16.5,480.2400936
1966-68,169,m,6,200,66,18,567.2282172
1966-68,182,m,6,185,64,19,612.8526342
1966-68,187,m,6,194,75,20,795.7747155
1966-68,236,m,6,188,58,15,346.1620012
1966-68,18,m,6.5,183,62,18,532.8507495
1966-68,25,m,7,195,69.5,17.5,564.585582
1966-68,214,m,7,184,69,19,660.7317462
1966-68,57,m,7.5,199,86.5,24.6,1388.529794
1966-68,231,m,7.5,176,71,17,544.2833796
1966-68,3,m,8,208,92.5,21.5,1134.194492
1966-68,68,m,8,197,80.5,18.5,730.8162886
1966-68,141,m,8,199,83,21,970.9247303
1966-68,147,m,8,205,69,19,660.7317462
1966-68,181,m,8,217,80,22,1027.079899
1966-68,191,m,8,195,68,17,521.2854903
1966-68,198,m,8,193,65,20,689.6714201
1966-68,210,m,8,191,83,20,880.6573518
1966-68,229,m,8,196,84,19,804.3690824
1966-68,2,m,9,209,83,20.5,925.2406302
1966-68,286,m,9,215,83,20,880.6573518
1966-68,61,m,10,224,105,23.5,1538.133053
1966-68,77,m,10,202,76,21,889.0395121
1966-68,85,m,10,213,99,23.5,1450.239736
1966-68,92,m,10,233,119.5,28.5,2574.69925
1966-68,156,m,10,213,99,22,1271.011376
1966-68,251,m,10,215,111,24,1695.955074
1966-68,273,m,10,219,78,20,827.6057041
1966-68,283,m,10,204,84,21,982.6226186
1966-68,287,m,10,227,96,23,1347.087438
1966-68,172,m,11,222,112,25,1856.807669
1966-68,174,m,12,212,104,25,1724.17855
1966-68,185,m,12,237,106,26,1900.734434
1966-68,261,m,12,226,102,22,1309.526872
1966-68,36,m,13,213,78,19,746.9141479
1966-68,91,m,13,240,123,25,2039.172708
1966-68,158,m,13,246,98,23,1375.15176
1966-68,183,m,13,232,88,21,1029.414172
1966-68,249,m,13,240,99,24,1512.608579
1966-68,254,m,13,229,109,26,1954.528804
1966-68,142,m,14,220,115,24,1757.070572
1966-68,146,m,14,249,130,29,2900.068321
1966-68,176,m,14,231,100,25,1657.863991
1966-68,200,m,14,234,103,22,1322.365371
1966-68,223,m,14,227,94,23,1319.023117
1966-68,252,m,14,254,107,26,1918.665891
1966-68,272,m,14,246,112,26,2008.323175
1966-68,282,m,14,236,106,22,1360.880867
1966-68,289,m,15,231,123,21,1438.840263
1966-68,79,m,16,252,139,29,3100.842282
1966-68,159,m,16.5,255,119,25,1972.858149
1966-68,90,m,17,259,135,28.5,2908.656057
1966-68,160,m,17,245,122,25,2022.594068
1966-68,247,m,17,244,121,28,2516.345754
1966-68,248,m,17,252,122,29,2721.602579
1966-68,250,m,17,254,120,24,1833.464944
1966-68,27,m,18,240,119,26.5,2216.703416
1966-68,47,m,18,260,149.5,31,3810.951849
1966-68,50,m,18,257,98.5,26.5,1834.83434
1966-68,143,m,18,239,103,28,2142.013327
1966-68,145,m,18,266,130,27,2513.852326
1966-68,171,m,18,249,119,24,1818.18607
1966-68,234,m,20,255,154,28,3202.621868
1966-68,244,m,20,262,134,26,2402.815228
1966-68,245,m,20,274,142,29,3167.766936
1966-68,268,m,20,262,130,28,2703.511967
1966-68,291,m,20,276,128,21,1497.329705
1966-68,190,m,21,275,162,33,4679.632792
1966-68,274,m,21,270,127,30,3031.901666
1966-68,65,m,23,275,176,35,5718.967622
1966-68,212,m,24,289,130,32,3531.117671
1966-68,269,m,24,239,108,24,1650.11845
1966-68,246,m,25,278,120,31,3058.958006
1966-68,138,m,26,279,135,37,4902.370135
1966-68,281,m,27,285,200,40,8488.263632
1966-68,300,m,30,281,178,35,5783.95589
1966-68,280,m,35,314,206,40,8742.911541
1966-68,154,m,39,304,230,47,13476.97532
1966-68,257,f,2.5,135,29.5,10.25,82.21264636
1966-68,183,f,3,162,34.5,10,91.51409228
1966-68,243,f,3,162,37.5,11.5,131.5515076
1966-68,297,f,3,147,35.5,11.5,124.5354272
1966-68,140,f,3.5,164,43,12,164.2479013
1966-68,148,f,3.5,158,44,12.25,175.1433834
1966-68,197,f,3.5,164,41.75,12,159.473253
1966-68,185,f,4,164,44,12.5,182.365039
1966-68,210,f,4,180,49.6,12.25,197.4343595
1966-68,262,f,4,169,48,14.3,260.3647545
1966-68,225,f,4.5,164,40,12,152.7887454
1966-68,235,f,4.5,169,43,12,164.2479013
1966-68,22,f,5,169,42.5,12.25,169.1725863
1966-68,27,f,5.5,171,45.25,11.5,158.7388192
1966-68,111,f,5.5,185,53.25,13,238.7125203
1966-68,245,f,6,179,65.5,15,390.924329
1966-68,96,f,6.5,189,63,12.75,271.6625671
1966-68,85,f,7,172,60,12.75,258.7262544
1966-68,199,f,7,191,63.5,14.3,344.4408731
1966-68,248,f,7,186,75,15.3,465.7072579
1966-68,76,f,7.5,188,60,12.5,248.6795986
1966-68,80,f,8,189,85,16.75,632.5828736
1966-68,246,f,8,203,83,16,563.6207051
1966-68,287,f,8,192,69.5,15.75,457.3143214
1966-68,34,f,8.5,192,68,14.5,379.2397036
1966-68,40,f,8.5,194,74.75,15,446.1311999
1966-68,51,f,8.5,199,82,14.5,457.3184661
1966-68,72,f,8.5,198,83,17.5,674.253285
1966-68,109,f,8.5,205,65,15.5,414.2338967
1966-68,124,f,8.5,202,71.5,15,426.7341912
1966-68,73,f,9,204,76,13.5,367.4091861
1966-68,131,f,9,196,72,13,322.7662246
1966-68,142,f,9,196,69.25,14,360.0350071
1966-68,230,f,9,201,74,15,441.6549671
1966-68,232,f,9,211,72.75,14.75,419.8420361
1966-68,260,f,9,204,90,16.25,630.4027824
1966-68,114,f,10,197,80.5,15,480.4489845
1966-68,261,f,10,202,89,18,764.8986565
1966-68,28,f,15,225,92.5,17,709.101586
1966-68,36,f,15,226,106,17.5,861.0945567
1966-68,90,f,15,206,84.5,16,573.8066215
1966-68,138,f,15,231,83.5,16.5,603.0082378
1966-68,143,f,15,228,90,19,861.8240168
1966-68,182,f,15,222,103,18,885.2197935
1966-68,193,f,15,217,92.25,16,626.433856
1966-68,236,f,15,228,96.75,18,831.5050002
1966-68,286,f,15,211,73,15.75,480.344539
1966-68,20,f,16,217,126.5,21.3,1522.364379
1966-68,82,f,16,223,78,15,465.5282085
1966-68,162,f,16,215,110.5,19,1058.128376
1966-68,220,f,16,222,97,17.5,787.9827547
1966-68,231,f,16,223,118,17.75,986.1605004
1966-68,192,f,16.5,230,83,14.25,447.0712087
1966-68,154,f,17,226,87,16,590.7831488
1966-68,228,f,17,222,101.5,16.5,732.9980376
1966-68,3,f,18,226,93,18,799.2761242
1966-68,122,f,19,230,114,22.25,1497.041236
1966-68,279,f,19,228,108,18,928.1916281
1966-68,299,f,19,227,112.5,19,1077.280021
1966-68,55,f,20,230,97.5,18,837.9507754
1966-68,147,f,20,230,94.5,18.75,881.2583275
1966-68,295,f,20,213,107.5,17,824.0910324
1966-68,26,f,22,226,127,23,1782.084424
1966-68,48,f,22,249,95,20.5,1059.01036
1966-68,84,f,22,243,115,22,1476.427355
1966-68,200,f,22,239,112.5,21,1316.012436
1966-68,46,f,23,228,94.5,17.5,767.6739208
1966-68,107,f,23,246,106,19.75,1096.753291
1966-68,152,f,23,226,125.5,21.5,1538.82604
1966-68,191,f,23.5,237,123.5,25.3,2096.895952
1966-68,10,f,24,239,110.5,19.5,1114.552119
1966-68,126,f,24,222,115.75,20,1228.145644
1966-68,81,f,25,235,107,20.5,1192.78009
1966-68,133,f,25,241,114.3,21,1337.068635
1966-68,270,f,25,232,135.3,24.25,2110.523361
1966-68,21,f,26,231,132,22.25,1733.416168
1966-68,69,f,26,223,112.6,17.3,893.9216961
1966-68,70,f,26,240,106.75,20.5,1189.99322
1966-68,94,f,26,248,116.75,19.5,1177.592398
1966-68,216,f,26,235,118,21.5,1446.864325
1966-68,219,f,26,238,120.5,22,1547.039099
1966-68,14,f,28,243,98.5,22,1264.592126
1966-68,39,f,28,242,90.5,23,1269.910554
1966-68,83,f,28,240,146,20.25,1588.077864
1966-68,110,f,28,243,140,24,2139.042435
1966-68,130,f,28,255,119.5,21.5,1465.256668
1966-68,144,f,28,244,154.75,25.75,2721.786187
1966-68,242,f,28,236,126.25,21.75,1584.232034
1966-68,181,f,29,226,102.75,17.25,811.0150447
1966-68,184,f,29,238,135,24,2062.648062
1966-68,116,f,30,238,107,21.25,1281.653204
1966-68,129,f,30,252,150,22,1925.774811
1966-68,174,f,30,242,123,21,1438.840263
1966-68,266,f,30,257,134,26,2402.815228
1966-68,176,f,31,243,129.5,24,1978.614253
1966-68,8,f,32,242,174,25.5,3001.224551
1966-68,24,f,32,242,135,24.25,2105.843709
1966-68,98,f,32,236,113,20,1198.967238
1966-68,151,f,32,250,137,25.25,2316.926268
1966-68,247,f,32,262,143.5,24,2192.518496
1966-68,290,f,33,246,132,23.5,1933.652981
1966-68,35,f,34,246,135,25,2238.116387
1966-68,135,f,34,262,124.75,24,1906.039598
1966-68,160,f,34,239,104.5,22,1341.623119
1966-68,178,f,34,243,117.5,22.25,1543.003029
1966-68,179,f,34,244,124.5,23,1747.004022
1966-68,300,f,34,249,143,22.5,1920.30386
1966-68,223,f,35,254,149,26.25,2723.414624
1966-68,189,f,36,241,129.75,25.25,2194.315206
1966-68,213,f,36,241,134,22.5,1799.445575
1966-68,254,f,38,243,146,25.75,2567.888745
1966-68,77,f,40,247,174,25.75,3060.360559
1966-68,115,f,41,236,145.5,23,2041.679399
1966-68,188,f,41,257,127,22,1630.48934
1966-68,284,f,43,256,174.5,23,2448.612062
1966-68,264,f,45,251,143,27.6,2889.502555
1966-68,217,f,48,250,134.5,23.5,1970.275197
1966-68,196,f,49,251,147.75,27.5,2963.887796
1966-68,103,f,50,276,187,28,3888.897983
1966-68,167,m,2,140,28.5,12.75,122.8949708
1966-68,141,m,2.5,152,33.5,13.5,161.9501018
1966-68,153,m,2.5,148,26,10.75,79.70015348
1966-68,208,m,2.5,149,32,13,143.4516554
1966-68,238,m,2.5,148,27,12,103.1324031
1966-68,268,m,2.5,164,36.75,13,164.7452605
1966-68,298,m,2.5,153,34.5,13.5,166.7844332
1966-68,53,m,3,157,43,14,223.5596434
1966-68,207,m,3,171,48.5,15.75,319.1330157
1966-68,272,m,3,161,50,16,339.5305453
1966-68,283,m,3,157,44,15,262.6056561
1966-68,125,m,3.5,173,54,17.25,426.2268848
1966-68,150,m,3.5,169,54.25,16,368.3906416
1966-68,177,m,3.5,157,46,14.75,265.4671293
1966-68,251,m,3.5,167,50.5,18,434.0155298
1966-68,289,m,3.5,160,45,14,233.9577663
1966-68,15,m,4,171,58,17.5,471.1649461
1966-68,54,m,4,168,58,14.5,323.4691589
1966-68,119,m,4,176,59,16.75,439.0869358
1966-68,173,m,4,173,51,13.75,255.7669671
1966-68,187,m,4,168,53,16,359.902378
1966-68,108,m,4.5,162,50.5,14.5,281.6412504
1966-68,170,m,4.5,178,64,16.3,451.0493529
1966-68,201,m,4.5,174,61.25,16.75,455.8317765
1966-68,78,m,5,161,48,15.75,315.8429846
1966-68,145,m,5,167,61.5,17.75,513.9734811
1966-68,23,m,5.5,168,57.5,15,343.177846
1966-68,222,m,6,186,71.5,18.3,635.1511701
1966-68,89,m,7,183,64,16.5,462.1859547
1966-68,215,m,7,180,73,18,627.3887857
1966-68,252,m,7,188,81,21,947.5289537
1966-68,296,m,7,194,82.5,20.5,919.6668915
1966-68,269,m,7.5,201,88,21.5,1079.017463
1966-68,25,m,8,207,84,20,891.2676813
1966-68,38,m,8,197,91,20.75,1039.313278
1966-68,100,m,8,212,88,19.25,864.9938528
1966-68,118,m,8,182,71.25,16.3,502.1447874
1966-68,149,m,8,202,92.5,22,1187.561134
1966-68,12,m,8.5,203,80.5,19.5,811.9587837
1966-68,212,m,8.5,213,82.5,18.3,732.8667348
1966-68,241,m,8.5,216,97.5,23,1368.13568
1966-68,13,m,9,208,83,20.5,925.2406302
1966-68,47,m,9,200,98.75,21.5,1210.829255
1966-68,67,m,9,199,90,20,954.9296586
1966-68,159,m,9,207,89,20,944.319329
1966-68,171,m,9.5,204,73.25,16,497.4122488
1966-68,91,m,10,200,94.75,20.3,1035.714785
1966-68,166,m,10,231,117,22,1502.104353
1966-68,169,m,10,200,97,21.5,1189.371521
1966-68,44,m,10.5,215,113,20.3,1235.206023
1966-68,113,m,11,218,104,23,1459.344725
1966-68,134,m,11,206,82,19.5,827.0884505
1966-68,112,m,12,226,97,23.3,1396.858637
1966-68,17,m,14.5,242,120,25,1989.436789
1966-68,9,m,15,244,132,30,3151.267873
1966-68,37,m,15,245,122.5,27.25,2412.892554
1966-68,60,m,15,242,108,24.5,1719.589583
1966-68,68,m,15,239,114,25,1889.964949
1966-68,92,m,15,235,124,23.6,1831.954033
1966-68,267,m,15,241,120,26,2151.774831
1966-68,285,m,15,238,131.5,30,3139.331252
1966-68,293,m,15,236,144.5,27.5,2898.692294
1966-68,249,m,16,236,125,25,2072.329988
1966-68,259,m,16,224,99,18.5,898.767858
1966-68,281,m,16,244,131,28,2724.308213
1966-68,172,m,16.5,244,122.5,25.75,2154.564187
1966-68,202,m,16.5,240,129,27,2494.515001
1966-68,7,m,17,246,127.5,25,2113.776588
1966-68,203,m,17,237,144,30.25,3495.281283
1966-68,93,m,18,265,108,27.5,2166.496663
1966-68,256,m,18,246,130,28.5,2800.928055
1966-68,265,m,18,234,132.25,27,2557.361309
1966-68,155,m,19,251,149,30,3557.112978
1966-68,1,m,20,261,145,30,3461.620012
1966-68,63,m,20,272,141,29,3145.458718
1966-68,244,m,20,247,150,29,3346.232679
1966-68,18,m,22,261,130,30.25,3155.462269
1966-68,275,m,22,245,139,30,3318.380563
1966-68,195,m,22.5,244,157.5,34,4829.556748
1966-68,273,m,22.5,255,153,30.5,3775.374088
1966-68,274,m,22.5,263,110.5,32.5,3095.978109
1966-68,65,m,23,273,140.5,32.5,3936.515152
1966-68,104,m,23,266,134,30.5,3306.536783
1966-68,190,m,23,273,151,33,4361.879948
1966-68,292,m,23,253,121,30,2888.662217
1966-68,2,m,24,269,171,35,5556.496951
1966-68,128,m,24,271,150,29.5,3462.614731
1966-68,278,m,24,275,133.75,32.5,3747.394318
1966-68,258,m,26,272,137,30.3,3336.373826
1966-68,56,m,27,289,189,34,5795.468098
1966-68,175,m,27,298,191.5,39,7726.216501
1966-68,204,m,28,293,159.5,33,4607.416236
1966-68,57,m,29,284,187.5,42.5,8983.550499
1966-68,59,m,29,248,136,28.25,2879.02008
1966-68,277,m,29,294,170,43,8337.86221
1966-68,58,m,30,280,158,41,7045.205763
1966-68,276,m,34,314,213,48,13017.60111
1966-68,62,m,39,294,205,46.5,11757.86984
1966-68,64,m,41,303,229.5,43.25,11387.37951
1966-68,61,m,46,285,234,43.5,11745.2767
2005-13,52,f,4.5,195,47.077,14,244.756217
2005-13,14,f,5,200,48.2328,15,287.8683202
2005-13,42,f,5,180,54.0118,17,414.0524653
2005-13,29,f,6,210,52.856,18,454.2638583
2005-13,26,f,7,185,41.298,14,214.7108408
2005-13,27,f,7,190,49.3886,15,294.7664933
2005-13,13,f,8,245,52.856,20,560.8195781
2005-13,60,f,8,210,70.193,20,744.7708614
2005-13,40,f,10,205,58.635,15,349.9518783
2005-13,39,f,11,255,54.0118,16,366.7731181
2005-13,19,f,11,240,55.1676,17,422.9127855
2005-13,62,f,11,230,64.414,20,683.453767
2005-13,23,f,11.5,230,70.193,19,672.1557024
2005-13,55,f,15,230,57.4792,19,550.4106114
2005-13,10,f,15,255,70.193,20,744.7708614
2005-13,11,f,15,280,70.193,25,1163.704471
2005-13,16,f,20,225,58.635,18,503.9307048
2005-13,17,f,20,295,74.8162,26,1341.563467
2005-13,22,f,22.5,270,87.53,25,1451.128351
2005-13,59,f,25,245,70.193,20,744.7708614
2005-13,1,f,25,250,87.53,28,1820.295403
2005-13,56,f,25,230,90.9974,25,1508.613127
2005-13,51,f,25,280,104.867,29,2339.395882
2005-13,31,f,27.5,290,88.6858,30,2117.217518
2005-13,37,f,28,270,66.7256,20,707.9806047
2005-13,53,f,30,275,70.193,22,901.1727422
2005-13,58,f,30,280,75.972,25,1259.512431
2005-13,46,f,32,280,93.309,29,2081.5575
2005-13,25,m,3,168,26.5,10,70.2934332
2005-13,36,m,3.5,175,48.5,17,371.79921
2005-13,18,m,4,150,31.7,13,142.1067961
2005-13,48,m,4.5,150,33,10,87.5352187
2005-13,12,m,6,195,45.9,18,394.4814419
2005-13,33,m,6,185,49.8,19,476.875956
2005-13,49,m,6.5,180,71.8,20,761.8216609
2005-13,6,m,7,215,58.9,20,624.9484099
2005-13,28,m,7,190,65.3,19,625.3012033
2005-13,35,m,7,190,82.1,21,960.3966308
2005-13,61,m,7,185,52.4,19,501.7730943
2005-13,38,m,9,260,84.7,22,1087.420844
2005-13,32,m,10,230,71.8,22,921.8042097
2005-13,43,m,10,220,84.7,25,1404.2108
2005-13,45,m,10,194,58.9,25,976.4818904
2005-13,20,m,11,220,65.3,20,692.8545189
2005-13,24,m,12,224,73.1,25,1211.898577
2005-13,41,m,13,210,58.9,20,624.9484099
2005-13,47,m,13,215,97.7,28,2031.793224
2005-13,30,m,15,253,74.4,24,1136.748266
2005-13,5,m,17.5,275,118.4,30,2826.591789
2005-13,21,m,17.5,235,97.7,27,1889.25671
2005-13,50,m,25,256,87.3,31,2225.39195
2005-13,8,m,42.5,280,136.5,40,5793.239929
2005-13,42,f,2.5,160,33.2074,8,56.37463314
2005-13,56,f,3,170,43.6096,12,166.5764018
2005-13,65,f,3,220,49.3886,13,221.4023883
2005-13,117,f,3.5,160,33.2074,11,106.5832908
2005-13,99,f,3.5,180,41.298,12,157.7467402
2005-13,11,f,3.5,180,47.077,13,211.0397994
2005-13,82,f,4.5,150,38.9864,11,125.1317118
2005-13,127,f,4.5,170,40.1422,10,106.4804926
2005-13,64,f,4.5,180,48.2328,14,250.7652923
2005-13,135,f,4.5,190,49.3886,12,188.6505557
2005-13,132,f,4.5,190,51.7002,13,231.7649773
2005-13,30,f,4.5,160,52.856,14,274.8015933
2005-13,36,f,4.5,190,59.7908,16,406.0160585
2005-13,148,f,5.5,190,43.6096,11,139.9704487
2005-13,101,f,5.5,180,49.3886,12,188.6505557
2005-13,3,f,5.5,160,54.0118,16,366.7731181
2005-13,67,f,7.5,200,52.856,14,274.8015933
2005-13,39,f,7.5,200,60.9466,16,413.8646466
2005-13,126,f,8.5,220,57.4792,16,390.3188823
2005-13,63,f,8.5,220,93.309,20,990.039239
2005-13,113,f,9,230,57.4792,15,343.0537052
2005-13,79,f,9,220,59.7908,15,356.8500514
2005-13,16,f,9,230,60.9466,17,467.2143862
2005-13,69,f,9.5,240,64.414,15,384.4427439
2005-13,49,f,12.5,240,62.1024,17,476.0747063
2005-13,146,f,12.5,240,72.5046,18,623.1311363
2005-13,131,f,17.5,240,69.0372,17,529.2366272
2005-13,107,f,17.5,250,72.5046,15,432.7299558
2005-13,141,f,17.5,230,73.6604,17,564.6779078
2005-13,118,f,17.5,230,93.309,20,990.039239
2005-13,124,f,17.5,240,95.6206,19,915.6458843
2005-13,29,f,22.5,220,62.1024,17,476.0747063
2005-13,18,f,22.5,220,66.7256,20,707.9806047
2005-13,37,f,22.5,260,66.7256,19,638.9524958
2005-13,108,f,22.5,230,73.6604,18,633.0645056
2005-13,55,f,22.5,250,77.1278,18,662.8646135
2005-13,44,f,22.5,250,78.2836,20,830.6147935
2005-13,120,f,22.5,240,80.5952,19,771.7653222
2005-13,2,f,22.5,230,81.751,25,1355.320391
2005-13,66,f,22.5,250,81.751,17,626.7001488
2005-13,77,f,22.5,250,89.8416,25,1489.451535
2005-13,100,f,22.5,230,92.1532,20,977.7758201
2005-13,147,f,22.5,260,93.309,21,1091.518261
2005-13,98,f,22.5,260,99.088,24,1513.95312
2005-13,97,f,22.5,270,101.3996,22,1301.818637
2005-13,140,f,27.5,210,70.193,17,538.0969473
2005-13,112,f,27.5,240,84.0626,21,983.3549065
2005-13,27,f,27.5,230,89.8416,21,1050.957003
2005-13,72,f,27.5,240,93.309,20,990.039239
2005-13,128,f,27.5,250,93.309,19,893.5104132
2005-13,80,f,27.5,260,104.867,22,1346.334848
2005-13,31,f,32.5,230,64.414,22,826.979058
2005-13,34,f,32.5,250,80.5952,22,1034.721374
2005-13,58,f,32.5,220,85.2184,20,904.1953068
2005-13,75,f,32.5,270,94.4648,22,1212.786216
2005-13,73,f,32.5,260,110.646,22,1420.528532
2005-13,115,f,32.5,260,111.8018,25,1853.521783
2005-13,25,f,35,230,118.7366,25,1968.491335
2005-13,21,f,37.5,230,66.7256,20,707.9806047
2005-13,47,f,37.5,260,79.4394,20,842.8782124
2005-13,41,f,37.5,260,81.751,20,867.4050502
2005-13,130,f,37.5,250,99.088,24,1513.95312
2005-13,9,f,37.5,260,100.2438,20,1063.619752
2005-13,119,f,42.5,260,117.5808,25,1949.329743
2005-13,111,m,2.5,140,38.2,10,101.3286471
2005-13,35,m,3.5,160,44.6,15,266.1866423
2005-13,38,m,3.5,160,38.2,11,122.607663
2005-13,70,m,3.5,190,42,14,218.3605819
2005-13,85,m,3.5,180,53.7,15,320.4982667
2005-13,114,m,3.5,180,48.5,15,289.4630527
2005-13,125,m,3.5,180,45.9,13,205.7634682
2005-13,24,m,4.5,170,44.6,19,427.0816795
2005-13,71,m,4.5,200,43.3,12,165.3938169
2005-13,110,m,4.5,190,73.1,20,775.6150893
2005-13,122,m,4.5,190,55,14,285.9483811
2005-13,5,m,5.5,240,91.2,26,1635.348871
2005-13,83,m,5.5,200,60.1,17,460.7243818
2005-13,33,m,6,220,74.4,20,789.4085177
2005-13,123,m,6.5,180,43.3,12,165.3938169
2005-13,145,m,6.5,200,53.7,10,142.4436741
2005-13,17,m,7.5,190,65.3,20,692.8545189
2005-13,22,m,7.5,210,62.7,20,665.2676621
2005-13,43,m,7.5,180,51.1,17,391.730714
2005-13,53,m,7.5,220,78.3,22,1005.254452
2005-13,76,m,7.5,210,75.7,20,803.2019461
2005-13,78,m,7.5,220,84.7,19,811.0721581
2005-13,144,m,7.5,220,58.9,15,351.5334806
2005-13,1,m,9,220,99,30,2363.450905
2005-13,48,m,9,230,105.4,23,1478.98975
2005-13,105,m,9,210,79.6,17,610.2106621
2005-13,92,m,17.5,280,130,28,2703.511967
2005-13,150,m,17.5,280,108,28,2245.994557
2005-13,28,m,22.5,270,136.5,30,3258.69746
2005-13,14,m,27.5,270,104.1,26,1866.664666
2005-13,15,m,27.5,260,88.6,27,1713.287047
2005-13,87,m,27.5,300,124.8,35,4055.26795
2005-13,50,m,32.5,300,131.3,34,4026.163816
2005-13,88,m,32.5,290,162.3,40,6888.225937
2005-13,51,m,37.5,270,113.2,40,4804.357215
2005-13,86,m,37.5,310,175.3,38,6714.566673
2005-13,89,m,37.5,300,188.2,40,7987.456077
2005-13,95,m,37.5,330,127.4,38,4879.8391
2005-13,138,m,37.5,290,207.6,40,8810.81765
2005-13,91,m,42.5,320,214.1,46,12017.14252
2005-13,93,m,42.5,310,162.3,42,7594.269096
2005-13,94,m,52.5,330,219.3,42,10261.38763
